num,SUM,MAE,MSE,MEAN,Var
1,295.35085382700186,0.012453653812911194,0.00016372455081335683,0.0875484302651797,8.68296195226468e-06
